{
    "name": "GA Demo",
    "nets": [
        {
            "data-file": "",
            "act_func": "relu",
            "expectedInputs": {
                "dis": {
                    "max": 300,
                    "min": 0
                },
                "height": {
                    "max": 70,
                    "min": 15
                },
                "offGround": {
                    "max": 30,
                    "min": 0
                },
                "speed": {
                    "max": 8,
                    "min": 4
                },
                "width": {
                    "max": 50,
                    "min": 30
                }
            },
            "expectedOutputs": [
                "jump",
                "duck"
            ],
            "fin_act_func": "relu",
            "midwidth": 1,
            "net_name": 0,
            "net_ver": "1.0",
            "nodes": [
                {
                    "connections": {
                        "5": -0.018420731464024113,
                        "6": 0.7657163105632441,
                        "7": -0.17186612011623914,
                        "8": -0.37765159220162975,
                        "9": 0.36686622013920445
                    },
                    "id": 0,
                    "layer": "input",
                    "name": "dis"
                },
                {
                    "connections": {
                        "5": -0.4356068054341037,
                        "6": 0.13317870532000736,
                        "7": -0.5876146168200564,
                        "8": 0.21509437192750042,
                        "9": 0.425782102205714
                    },
                    "id": 1,
                    "layer": "input",
                    "name": "height"
                },
                {
                    "connections": {
                        "5": 0.18421839837249862,
                        "6": 0.8877720016341035,
                        "7": -0.1977869491975167,
                        "8": 0.27528542357396535,
                        "9": -0.5324081234977688
                    },
                    "id": 2,
                    "layer": "input",
                    "name": "width"
                },
                {
                    "connections": {
                        "5": 0.3626582516467547,
                        "6": 0.029437359574001957,
                        "7": 0.4612223620907637,
                        "8": 0.14137583328570222,
                        "9": 0.34652762646793017
                    },
                    "id": 3,
                    "layer": "input",
                    "name": "offGround"
                },
                {
                    "connections": {
                        "5": 0.03801493877517231,
                        "6": -1,
                        "7": -0.3515780169371988,
                        "8": -0.3049892090916077,
                        "9": -0.11180519922047456
                    },
                    "id": 4,
                    "layer": "input",
                    "name": "speed"
                },
                {
                    "connections": {
                        "10": 0.8419228114237758,
                        "11": 0.5241362254540107
                    },
                    "id": 5,
                    "layer": 0
                },
                {
                    "connections": {
                        "10": 0.0009313444618781683,
                        "11": 0.36830127080215497
                    },
                    "id": 6,
                    "layer": 0
                },
                {
                    "connections": {
                        "10": -0.6376335586512752,
                        "11": -0.4552754891072166
                    },
                    "id": 7,
                    "layer": 0
                },
                {
                    "connections": {
                        "10": 0.1333494093840019,
                        "11": -0.06206329855298627
                    },
                    "id": 8,
                    "layer": 0
                },
                {
                    "connections": {
                        "10": -0.4282281761708554,
                        "11": 0.6242452971274154
                    },
                    "id": 9,
                    "layer": 0
                },
                {
                    "id": 10,
                    "layer": "output",
                    "name": "jump"
                },
                {
                    "id": 11,
                    "layer": "output",
                    "name": "duck"
                },
                {
                    "connections": {
                        "5": -0.4832719640348413,
                        "6": -0.3713184882928219,
                        "7": 0.19397804040773506,
                        "8": -0.3587565314897109,
                        "9": -0.04420249477274821
                    },
                    "id": 12,
                    "layer": "bias"
                }
            ],
            "use-bias": true,
            "use-neat": false
        }
    ],
    "ver": "1.0"
}