{
    "name": "Nets from file: files/titanic.json",
    "nets": [
        {
            "act_func": "sigmoid",
            "data-file": "titanic.json",
            "classifier-output": "Output",
            "expectedInputs": {
                "Age": {
                    "max": 80.0,
                    "min": 0.42
                },
                "Embarked": {
                    "max": 2.0,
                    "min": 0.0
                },
                "Fare": {
                    "max": 512.3292,
                    "min": 0.0
                },
                "Gender": {
                    "max": 1.0,
                    "min": 0.0
                },
                "Parch": {
                    "max": 6.0,
                    "min": 0.0
                },
                "Pclass": {
                    "max": 3.0,
                    "min": 1.0
                },
                "SibSp": {
                    "max": 8.0,
                    "min": 0.0
                }
            },
            "expectedOutputs": {
                "Output": {
                    "max": 1.0,
                    "min": 0.0
                }
            },
            "fin_act_func": "sigmoid",
            "midwidth": 2,
            "net_name": 0,
            "net_ver": "2",
            "nodes": [
                {
                    "connections": {
                        "7": -0.6157264420820592,
                        "8": -0.0839491472554196,
                        "9": -0.47469023152390843,
                        "10": 0.04436645666176413,
                        "11": 0.14164776073354135,
                        "12": -0.4093538908915973,
                        "13": 0.7955537401286386,
                        "14": -0.06699150673464893,
                        "15": 0.283883995861183,
                        "16": -0.3320313096341138
                    },
                    "id": 0,
                    "layer": "input",
                    "name": "Pclass"
                },
                {
                    "connections": {
                        "7": 0.2295469611929831,
                        "8": -0.8701873346820825,
                        "9": 0.8822297073729357,
                        "10": 0.7298696658122,
                        "11": 0.5707076753201423,
                        "12": -1,
                        "13": -0.24041785772176805,
                        "14": -0.20661909196558362,
                        "15": -0.40970204403087485,
                        "16": 0.22755543545639448
                    },
                    "id": 1,
                    "layer": "input",
                    "name": "Gender"
                },
                {
                    "connections": {
                        "7": -0.18774483366276673,
                        "8": 1,
                        "9": 0.4876626766024048,
                        "10": -0.5906320713490396,
                        "11": 0.577429683032673,
                        "12": 0.2533542671964595,
                        "13": -0.026003503245996568,
                        "14": -0.437332065905139,
                        "15": 0.2855718286293315,
                        "16": -0.4383367194322135
                    },
                    "id": 2,
                    "layer": "input",
                    "name": "Age"
                },
                {
                    "connections": {
                        "7": 0.01194448986349651,
                        "8": -0.3569525757407383,
                        "9": 0.7623279161773279,
                        "10": -0.7306559946647629,
                        "11": -0.44674177318183506,
                        "12": 0.16282547461291502,
                        "13": -0.6770093936503221,
                        "14": 0.05689002061715111,
                        "15": 0.5665242940000396,
                        "16": 0.8997273887977386
                    },
                    "id": 3,
                    "layer": "input",
                    "name": "SibSp"
                },
                {
                    "connections": {
                        "7": 0.15865849648098945,
                        "8": -0.15469909818234684,
                        "9": -0.7071202947387177,
                        "10": -0.006012837488760414,
                        "11": 0.08010862709384406,
                        "12": -1,
                        "13": 1,
                        "14": -0.34792354173787743,
                        "15": -0.09225152832889744,
                        "16": 0.5569726002006177
                    },
                    "id": 4,
                    "layer": "input",
                    "name": "Parch"
                },
                {
                    "connections": {
                        "7": -0.03624208095367659,
                        "8": -0.1836474400508077,
                        "9": 0.8195931720440167,
                        "10": 0.6628033722683875,
                        "11": 0.53566174533237,
                        "12": -0.05830439621885883,
                        "13": -0.2860276303385183,
                        "14": 0.4048483582877909,
                        "15": 0.5052285637351599,
                        "16": -0.17839064967252433
                    },
                    "id": 5,
                    "layer": "input",
                    "name": "Fare"
                },
                {
                    "connections": {
                        "7": -0.8813423188220643,
                        "8": -0.41857062654998267,
                        "9": 0.1274881791300935,
                        "10": 0.2808114693016491,
                        "11": 0.05390388393540416,
                        "12": 0.12464879255568653,
                        "13": 0.31202768129985115,
                        "14": 0.1406339908225473,
                        "15": 0.7123613918762337,
                        "16": 0.26677985206936716
                    },
                    "id": 6,
                    "layer": "input",
                    "name": "Embarked"
                },
                {
                    "connections": {
                        "17": -0.2810394050443336,
                        "18": 0.5988791458818177,
                        "19": 0.2294094916093492,
                        "20": 0.6669635914652656,
                        "21": -0.09222654318171797,
                        "22": 0.7062548600735232,
                        "23": -0.3107757309984337,
                        "24": -0.12119982718184585,
                        "25": -0.4434395645914304,
                        "26": 0.5922128298763869
                    },
                    "id": 7,
                    "layer": 0
                },
                {
                    "connections": {
                        "17": 0.6850967131112445,
                        "18": -0.400188105136681,
                        "19": -0.05685685555251374,
                        "20": 0.06174406991995107,
                        "21": 0.18453675123655167,
                        "22": 0.4033521595211664,
                        "23": -0.10668926880311028,
                        "24": 0.01832248434565066,
                        "25": 0.2639621932393085,
                        "26": -0.9391890455421537
                    },
                    "id": 8,
                    "layer": 0
                },
                {
                    "connections": {
                        "17": 0.18476649315779356,
                        "18": 0.4128365613877405,
                        "19": -0.2296069658869411,
                        "20": -0.19878682721247715,
                        "21": -0.3480023119701946,
                        "22": -0.8220055400034231,
                        "23": 0.1617398878054031,
                        "24": 0.37943592884353783,